<?xml version="1.0" encoding="UTF-8"?>
<project-private xmlns="http://www.netbeans.org/ns/project-private/1">
    <editor-bookmarks xmlns="http://www.netbeans.org/ns/editor-bookmarks/1"/>
    <editor-bookmarks xmlns="http://www.netbeans.org/ns/editor-bookmarks/2" lastBookmarkId="0"/>
    <open-files xmlns="http://www.netbeans.org/ns/projectui-open-files/2">
        <group>
            <file>file:/C:/Users/MSI/Desktop/shady/WorkShops-CodenameOne/src/com/mycompany/entities/User.java</file>
            <file>file:/C:/Users/MSI/Desktop/shady/WorkShops-CodenameOne/src/com/mycompany/gui/AddReclamationForm.java</file>
            <file>file:/C:/Users/MSI/Desktop/shady/WorkShops-CodenameOne/src/com/mycompany/gui/ReclamationForm.java</file>
            <file>file:/C:/Users/MSI/Desktop/shady/WorkShops-CodenameOne/src/com/mycompany/gui/ProfileForm.java</file>
            <file>file:/C:/Users/MSI/Desktop/shady/WorkShops-CodenameOne/src/com/mycompany/gui/SignInForm.java</file>
            <file>file:/C:/Users/MSI/Desktop/shady/WorkShops-CodenameOne/src/com/mycompany/services/ServiceUser.java</file>
            <file>file:/C:/Users/MSI/Desktop/shady/WorkShops-CodenameOne/src/com/mycompany/gui/ActivateForm.java</file>
        </group>
    </open-files>
</project-private>
